Class,ID

drilling,5
dog_bark,7
drilling,8
dog_bark,9
air_conditioner,13
dog_bark,14
engine_idling,16
dog_bark,21
dog_bark,23
siren,25
siren,28
children_playing,29
dog_bark,30
engine_idling,31
street_music,34
air_conditioner,39
dog_bark,41
drilling,51
dog_bark,53
drilling,55
drilling,58
dog_bark,62
air_conditioner,64
street_music,69
siren,70
dog_bark,73
engine_idling,75
air_conditioner,85
children_playing,86
children_playing,89
air_conditioner,94
dog_bark,95
air_conditioner,96
dog_bark,98
air_conditioner,102
siren,106
engine_idling,107
car_horn,108
drilling,109
street_music,110
dog_bark,111
children_playing,112
siren,115
siren,122
drilling,124
street_music,126
dog_bark,127
siren,129
jackhammer,133
children_playing,141
siren,143
children_playing,144
air_conditioner,145
drilling,147
air_conditioner,150
drilling,151
siren,154
siren,155
air_conditioner,156
siren,157
air_conditioner,158
gun_shot,161
air_conditioner,166
engine_idling,169
dog_bark,173
drilling,177
street_music,180
gun_shot,181
siren,183
drilling,190
dog_bark,191
drilling,194
siren,195
drilling,198
drilling,199
air_conditioner,201
children_playing,203
jackhammer,204
siren,205
siren,206
air_conditioner,207
drilling,209
gun_shot,210
engine_idling,220
jackhammer,225
children_playing,231
car_horn,234
engine_idling,237
air_conditioner,238
dog_bark,240
siren,241
drilling,243
jackhammer,244
dog_bark,254
children_playing,256
dog_bark,257
children_playing,259
drilling,262
air_conditioner,265
dog_bark,266
jackhammer,267
children_playing,273
car_horn,274
drilling,279
dog_bark,281
siren,283
street_music,284
drilling,287
air_conditioner,289
dog_bark,290
dog_bark,291
dog_bark,292
children_playing,293
drilling,294
car_horn,296
siren,297
siren,298
drilling,302
siren,320
car_horn,321
air_conditioner,325
street_music,340
dog_bark,341
children_playing,344
drilling,345
siren,362
siren,373
dog_bark,375
jackhammer,379
engine_idling,384
drilling,387
air_conditioner,389
air_conditioner,390
siren,393
drilling,398
dog_bark,399
air_conditioner,403
street_music,404
dog_bark,405
dog_bark,409
jackhammer,415
siren,416
street_music,420
air_conditioner,421
children_playing,422
dog_bark,424
siren,431
air_conditioner,432
gun_shot,433
engine_idling,434
children_playing,439
dog_bark,441
street_music,443
air_conditioner,448
street_music,451
drilling,458
dog_bark,460
drilling,463
jackhammer,465
dog_bark,466
air_conditioner,469
dog_bark,476
children_playing,478
drilling,481
children_playing,483
siren,487
dog_bark,490
siren,492
dog_bark,494
air_conditioner,496
street_music,499
air_conditioner,502
siren,503
children_playing,504
children_playing,505
jackhammer,508
jackhammer,510
drilling,514
air_conditioner,517
air_conditioner,518
dog_bark,521
children_playing,526
air_conditioner,529
children_playing,530
children_playing,531
drilling,535
jackhammer,536
drilling,539
air_conditioner,541
children_playing,545
car_horn,546
air_conditioner,548
dog_bark,550
air_conditioner,552
siren,553
dog_bark,558
engine_idling,563
siren,574
children_playing,577
dog_bark,581
air_conditioner,582
siren,588
drilling,591
air_conditioner,592
children_playing,595
gun_shot,596
jackhammer,601
street_music,602
jackhammer,608
street_music,609
street_music,616
air_conditioner,617
air_conditioner,618
dog_bark,625
air_conditioner,626
jackhammer,627
air_conditioner,628
dog_bark,632
engine_idling,634
drilling,637
siren,638
engine_idling,640
air_conditioner,641
siren,644
drilling,647
drilling,649
siren,650
air_conditioner,653
air_conditioner,667
gun_shot,668
air_conditioner,672
siren,674
engine_idling,675
siren,678
jackhammer,680
children_playing,681
children_playing,682
children_playing,696
dog_bark,700
air_conditioner,701
dog_bark,706
drilling,707
car_horn,708
children_playing,711
engine_idling,715
drilling,718
air_conditioner,723
dog_bark,725
air_conditioner,731
dog_bark,736
air_conditioner,741
engine_idling,743
siren,745
dog_bark,747
drilling,756
dog_bark,759
drilling,762
drilling,763
jackhammer,767
siren,768
jackhammer,769
air_conditioner,774
dog_bark,775
dog_bark,777
dog_bark,779
dog_bark,781
jackhammer,782
dog_bark,786
gun_shot,788
air_conditioner,789
drilling,793
air_conditioner,795
siren,797
air_conditioner,800
air_conditioner,805
air_conditioner,806
jackhammer,808
drilling,814
dog_bark,815
air_conditioner,818
dog_bark,822
siren,823
siren,827
dog_bark,828
car_horn,831
jackhammer,836
air_conditioner,837
dog_bark,842
drilling,846
children_playing,847
air_conditioner,852
dog_bark,856
children_playing,861
air_conditioner,862
dog_bark,866
drilling,873
air_conditioner,877
air_conditioner,879
car_horn,880
air_conditioner,888
dog_bark,890
air_conditioner,895
children_playing,897
children_playing,902
engine_idling,903
engine_idling,908
dog_bark,909
air_conditioner,910
drilling,917
siren,918
dog_bark,920
gun_shot,924
car_horn,931
car_horn,934
drilling,935
air_conditioner,936
dog_bark,939
dog_bark,940
siren,942
children_playing,944
children_playing,947
air_conditioner,949
drilling,950
engine_idling,958
street_music,960
street_music,961
siren,962
siren,966
street_music,967
dog_bark,968
engine_idling,969
children_playing,970
air_conditioner,974
engine_idling,976
jackhammer,981
jackhammer,982
drilling,983
siren,984
air_conditioner,988
dog_bark,989
street_music,992
air_conditioner,993
children_playing,994
air_conditioner,997
siren,998
siren,999
car_horn,1002
siren,1005
siren,1009
dog_bark,1010
siren,1011
street_music,1012
drilling,1013
engine_idling,1016
engine_idling,1019
siren,1020
street_music,1023
air_conditioner,1031
engine_idling,1033
siren,1035
jackhammer,1037
street_music,1039
drilling,1041
air_conditioner,1046
siren,1050
air_conditioner,1053
street_music,1057
jackhammer,1060
dog_bark,1064
dog_bark,1065
dog_bark,1067
gun_shot,1073
jackhammer,1075
siren,1081
car_horn,1084
street_music,1086
air_conditioner,1093
children_playing,1094
drilling,1095
air_conditioner,1097
jackhammer,1099
drilling,1101
car_horn,1102
children_playing,1103
drilling,1104
drilling,1107
air_conditioner,1108
children_playing,1109
siren,1110
drilling,1111
air_conditioner,1114
street_music,1117
drilling,1121
siren,1122
jackhammer,1123
dog_bark,1124
air_conditioner,1125
air_conditioner,1127
dog_bark,1128
siren,1130
street_music,1132
air_conditioner,1135
street_music,1136
engine_idling,1138
children_playing,1140
air_conditioner,1141
siren,1142
jackhammer,1144
dog_bark,1146
air_conditioner,1153
dog_bark,1154
jackhammer,1155
siren,1159
jackhammer,1161
gun_shot,1163
air_conditioner,1164
jackhammer,1165
air_conditioner,1166
street_music,1167
drilling,1169
air_conditioner,1170
jackhammer,1171
drilling,1172
jackhammer,1173
dog_bark,1177
dog_bark,1178
jackhammer,1179
air_conditioner,1184
street_music,1185
siren,1190
siren,1192
drilling,1193
drilling,1194
car_horn,1196
siren,1197
air_conditioner,1198
siren,1199
drilling,1201
air_conditioner,1202
dog_bark,1204
jackhammer,1207
drilling,1208
children_playing,1211
dog_bark,1212
street_music,1213
street_music,1215
children_playing,1216
street_music,1221
air_conditioner,1222
dog_bark,1223
street_music,1225
siren,1227
children_playing,1229
dog_bark,1233
air_conditioner,1234
dog_bark,1238
children_playing,1239
siren,1247
engine_idling,1249
siren,1250
street_music,1253
car_horn,1254
jackhammer,1258
jackhammer,1260
street_music,1263
air_conditioner,1264
car_horn,1266
drilling,1268
car_horn,1274
dog_bark,1280
drilling,1281
air_conditioner,1282
siren,1283
children_playing,1284
siren,1285
street_music,1288
dog_bark,1290
drilling,1291
jackhammer,1293
dog_bark,1299
car_horn,1304
air_conditioner,1307
air_conditioner,1309
jackhammer,1313
air_conditioner,1315
air_conditioner,1320
car_horn,1324
children_playing,1325
dog_bark,1331
air_conditioner,1333
siren,1336
siren,1340
siren,1342
drilling,1343
air_conditioner,1344
dog_bark,1348
street_music,1354
air_conditioner,1359
engine_idling,1360
children_playing,1362
siren,1364
air_conditioner,1369
dog_bark,1372
drilling,1373
children_playing,1374
siren,1375
air_conditioner,1376
drilling,1379
drilling,1382
drilling,1383
drilling,1387
drilling,1389
children_playing,1391
air_conditioner,1392
dog_bark,1395
dog_bark,1397
drilling,1401
gun_shot,1402
siren,1403
dog_bark,1406
children_playing,1407
dog_bark,1408
children_playing,1410
air_conditioner,1411
air_conditioner,1413
siren,1416
siren,1420
gun_shot,1421
drilling,1422
dog_bark,1424
dog_bark,1426
engine_idling,1427
car_horn,1429
dog_bark,1430
siren,1433
children_playing,1434
air_conditioner,1438
children_playing,1439
drilling,1440
street_music,1441
engine_idling,1442
street_music,1443
siren,1445
air_conditioner,1451
jackhammer,1453
drilling,1455
gun_shot,1456
air_conditioner,1457
car_horn,1463
dog_bark,1464
siren,1465
dog_bark,1466
jackhammer,1474
children_playing,1476
dog_bark,1482
air_conditioner,1484
street_music,1486
children_playing,1487
siren,1490
air_conditioner,1494
car_horn,1495
air_conditioner,1499
dog_bark,1504
dog_bark,1505
dog_bark,1507
drilling,1509
drilling,1513
dog_bark,1514
dog_bark,1519
jackhammer,1522
air_conditioner,1524
air_conditioner,1526
air_conditioner,1533
street_music,1535
air_conditioner,1538
car_horn,1539
air_conditioner,1541
jackhammer,1543
air_conditioner,1544
drilling,1545
dog_bark,1553
siren,1557
dog_bark,1559
dog_bark,1566
street_music,1568
siren,1572
siren,1575
siren,1576
siren,1577
engine_idling,1580
air_conditioner,1582
jackhammer,1583
jackhammer,1585
street_music,1587
drilling,1590
jackhammer,1592
car_horn,1594
children_playing,1595
dog_bark,1596
siren,1600
children_playing,1609
children_playing,1610
dog_bark,1611
gun_shot,1617
siren,1619
siren,1620
street_music,1622
children_playing,1624
siren,1625
drilling,1627
children_playing,1631
dog_bark,1637
air_conditioner,1638
dog_bark,1641
air_conditioner,1642
siren,1643
engine_idling,1644
children_playing,1645
siren,1646
siren,1650
siren,1654
dog_bark,1655
dog_bark,1657
dog_bark,1658
engine_idling,1659
dog_bark,1662
children_playing,1665
car_horn,1668
siren,1670
dog_bark,1671
air_conditioner,1676
jackhammer,1682
siren,1683
engine_idling,1684
siren,1685
dog_bark,1691
air_conditioner,1692
siren,1693
street_music,1694
dog_bark,1696
dog_bark,1698
drilling,1700
air_conditioner,1707
siren,1710
siren,1712
engine_idling,1717
air_conditioner,1721
air_conditioner,1723
siren,1726
dog_bark,1732
engine_idling,1733
car_horn,1735
siren,1740
air_conditioner,1742
children_playing,1743
siren,1747
children_playing,1752
jackhammer,1753
air_conditioner,1756
air_conditioner,1757
dog_bark,1758
dog_bark,1759
drilling,1762
children_playing,1764
gun_shot,1770
siren,1772
children_playing,1775
children_playing,1778
children_playing,1781
gun_shot,1784
siren,1785
siren,1788
drilling,1790
drilling,1793
street_music,1797
air_conditioner,1798
jackhammer,1799
dog_bark,1804
car_horn,1810
siren,1811
air_conditioner,1814
engine_idling,1815
street_music,1821
siren,1823
air_conditioner,1824
drilling,1833
dog_bark,1835
siren,1838
dog_bark,1844
air_conditioner,1845
street_music,1846
drilling,1851
drilling,1852
air_conditioner,1855
children_playing,1857
air_conditioner,1859
siren,1860
drilling,1861
street_music,1862
jackhammer,1865
jackhammer,1875
children_playing,1878
jackhammer,1880
siren,1882
siren,1884
jackhammer,1885
dog_bark,1887
siren,1888
siren,1900
siren,1902
children_playing,1903
siren,1905
jackhammer,1906
air_conditioner,1907
air_conditioner,1909
gun_shot,1911
jackhammer,1912
drilling,1915
gun_shot,1920
gun_shot,1926
engine_idling,1928
drilling,1930
children_playing,1931
children_playing,1934
siren,1939
air_conditioner,1942
air_conditioner,1951
air_conditioner,1953
dog_bark,1954
siren,1955
engine_idling,1959
jackhammer,1961
air_conditioner,1962
dog_bark,1964
air_conditioner,1965
drilling,1969
dog_bark,1972
siren,1975
jackhammer,1979
air_conditioner,1981
air_conditioner,1983
children_playing,1984
drilling,1985
engine_idling,1989
siren,1990
children_playing,1993
drilling,1995
dog_bark,1998
air_conditioner,2003
siren,2005
engine_idling,2006
dog_bark,2007
engine_idling,2011
drilling,2012
siren,2014
air_conditioner,2015
jackhammer,2021
air_conditioner,2024
dog_bark,2027
siren,2030
air_conditioner,2032
siren,2034
air_conditioner,2035
children_playing,2039
dog_bark,2041
street_music,2044
drilling,2046
dog_bark,2052
siren,2053
gun_shot,2058
drilling,2059
air_conditioner,2060
drilling,2061
gun_shot,2062
drilling,2065
jackhammer,2068
dog_bark,2069
children_playing,2071
siren,2074
air_conditioner,2075
children_playing,2076
drilling,2079
jackhammer,2085
engine_idling,2086
gun_shot,2088
dog_bark,2092
siren,2093
siren,2097
children_playing,2100
air_conditioner,2109
children_playing,2110
air_conditioner,2111
siren,2112
jackhammer,2114
drilling,2115
jackhammer,2118
siren,2119
drilling,2120
drilling,2128
dog_bark,2131
jackhammer,2136
engine_idling,2137
dog_bark,2143
children_playing,2146
air_conditioner,2147
jackhammer,2151
gun_shot,2153
dog_bark,2155
engine_idling,2158
dog_bark,2159
drilling,2161
children_playing,2164
drilling,2165
drilling,2166
jackhammer,2167
car_horn,2172
air_conditioner,2175
dog_bark,2176
air_conditioner,2177
air_conditioner,2178
dog_bark,2181
dog_bark,2183
jackhammer,2187
air_conditioner,2189
dog_bark,2202
air_conditioner,2203
gun_shot,2207
drilling,2208
dog_bark,2211
jackhammer,2213
siren,2214
street_music,2215
drilling,2221
siren,2222
car_horn,2223
jackhammer,2231
children_playing,2232
dog_bark,2234
air_conditioner,2239
drilling,2242
air_conditioner,2243
dog_bark,2245
siren,2248
children_playing,2255
air_conditioner,2257
children_playing,2261
engine_idling,2263
drilling,2266
dog_bark,2267
children_playing,2268
street_music,2270
children_playing,2271
dog_bark,2272
children_playing,2274
air_conditioner,2276
dog_bark,2280
drilling,2281
siren,2283
dog_bark,2284
air_conditioner,2285
siren,2286
siren,2288
dog_bark,2289
street_music,2292
air_conditioner,2294
drilling,2296
drilling,2298
drilling,2305
street_music,2311
dog_bark,2315
gun_shot,2316
dog_bark,2317
dog_bark,2320
air_conditioner,2321
children_playing,2322
dog_bark,2325
air_conditioner,2326
drilling,2328
street_music,2331
siren,2334
drilling,2336
siren,2337
street_music,2341
jackhammer,2342
siren,2346
gun_shot,2348
children_playing,2350
siren,2352
air_conditioner,2355
dog_bark,2356
siren,2357
engine_idling,2359
jackhammer,2361
drilling,2362
siren,2365
drilling,2367
children_playing,2370
air_conditioner,2374
drilling,2375
street_music,2376
engine_idling,2377
siren,2381
gun_shot,2383
drilling,2385
air_conditioner,2387
street_music,2391
dog_bark,2392
air_conditioner,2393
gun_shot,2396
gun_shot,2397
street_music,2399
gun_shot,2400
dog_bark,2406
air_conditioner,2407
jackhammer,2409
air_conditioner,2417
children_playing,2422
street_music,2423
children_playing,2426
dog_bark,2429
jackhammer,2431
engine_idling,2434
dog_bark,2435
siren,2436
children_playing,2437
children_playing,2440
siren,2442
gun_shot,2451
air_conditioner,2457
air_conditioner,2459
gun_shot,2467
engine_idling,2469
siren,2471
dog_bark,2472
air_conditioner,2475
street_music,2476
drilling,2481
air_conditioner,2482
gun_shot,2483
drilling,2486
dog_bark,2490
car_horn,2491
children_playing,2492
dog_bark,2495
drilling,2496
jackhammer,2500
children_playing,2502
drilling,2504
air_conditioner,2508
drilling,2514
dog_bark,2518
car_horn,2519
children_playing,2520
air_conditioner,2521
gun_shot,2522
jackhammer,2525
children_playing,2527
air_conditioner,2528
siren,2530
children_playing,2533
drilling,2535
car_horn,2537
jackhammer,2540
drilling,2546
siren,2551
dog_bark,2554
car_horn,2556
children_playing,2559
street_music,2561
street_music,2562
siren,2563
dog_bark,2565
engine_idling,2566
drilling,2579
siren,2583
siren,2589
siren,2590
drilling,2591
dog_bark,2599
jackhammer,2602
air_conditioner,2606
gun_shot,2609
siren,2611
children_playing,2615
jackhammer,2617
air_conditioner,2618
drilling,2621
dog_bark,2622
drilling,2626
drilling,2627
drilling,2628
gun_shot,2629
siren,2630
jackhammer,2631
air_conditioner,2633
dog_bark,2635
dog_bark,2638
siren,2642
children_playing,2643
air_conditioner,2649
jackhammer,2654
air_conditioner,2655
gun_shot,2656
children_playing,2660
children_playing,2663
children_playing,2667
dog_bark,2670
drilling,2672
air_conditioner,2673
drilling,2675
siren,2681
drilling,2683
drilling,2688
air_conditioner,2692
dog_bark,2693
air_conditioner,2694
gun_shot,2696
siren,2698
street_music,2701
drilling,2704
dog_bark,2708
street_music,2712
air_conditioner,2715
jackhammer,2716
drilling,2719
dog_bark,2720
street_music,2724
children_playing,2727
jackhammer,2729
street_music,2731
street_music,2734
drilling,2735
engine_idling,2737
drilling,2742
dog_bark,2743
siren,2745
dog_bark,2748
dog_bark,2749
dog_bark,2753
dog_bark,2755
drilling,2758
siren,2759
siren,2761
drilling,2762
dog_bark,2767
jackhammer,2768
engine_idling,2772
children_playing,2777
dog_bark,2778
dog_bark,2782
siren,2786
engine_idling,2793
drilling,2796
dog_bark,2798
air_conditioner,2799
street_music,2803
gun_shot,2804
siren,2806
siren,2809
jackhammer,2810
siren,2812
drilling,2814
street_music,2816
dog_bark,2817
gun_shot,2818
dog_bark,2820
dog_bark,2822
siren,2823
air_conditioner,2826
gun_shot,2827
air_conditioner,2833
drilling,2834
car_horn,2838
siren,2839
siren,2841
air_conditioner,2843
dog_bark,2844
siren,2845
air_conditioner,2847
air_conditioner,2848
siren,2852
dog_bark,2853
street_music,2856
dog_bark,2859
dog_bark,2860
dog_bark,2861
siren,2866
dog_bark,2867
dog_bark,2868
children_playing,2874
air_conditioner,2876
children_playing,2877
car_horn,2879
dog_bark,2880
dog_bark,2882
dog_bark,2883
jackhammer,2885
air_conditioner,2886
siren,2888
drilling,2893
children_playing,2894
dog_bark,2895
air_conditioner,2897
dog_bark,2904
engine_idling,2905
dog_bark,2906
drilling,2908
siren,2916
dog_bark,2919
engine_idling,2923
dog_bark,2937
street_music,2938
dog_bark,2941
air_conditioner,2947
children_playing,2948
dog_bark,2949
air_conditioner,2952
dog_bark,2953
drilling,2958
street_music,2964
air_conditioner,2965
air_conditioner,2967
siren,2968
drilling,2970
air_conditioner,2973
car_horn,2975
street_music,2977
air_conditioner,2978
children_playing,2979
siren,2981
street_music,2985
jackhammer,2990
dog_bark,2999
street_music,3000
dog_bark,3002
dog_bark,3005
dog_bark,3007
jackhammer,3009
dog_bark,3010
car_horn,3015
engine_idling,3017
dog_bark,3019
jackhammer,3022
engine_idling,3023
siren,3025
siren,3028
drilling,3029
street_music,3031
children_playing,3035
siren,3039
dog_bark,3040
street_music,3041
car_horn,3043
air_conditioner,3044
drilling,3045
street_music,3047
car_horn,3048
air_conditioner,3049
street_music,3053
dog_bark,3057
dog_bark,3058
dog_bark,3059
engine_idling,3064
children_playing,3065
dog_bark,3067
dog_bark,3072
siren,3073
jackhammer,3076
siren,3079
siren,3080
jackhammer,3083
jackhammer,3084
siren,3086
air_conditioner,3088
dog_bark,3090
children_playing,3093
engine_idling,3100
dog_bark,3106
jackhammer,3107
drilling,3109
air_conditioner,3111
children_playing,3113
siren,3114
gun_shot,3116
jackhammer,3119
dog_bark,3122
dog_bark,3124
engine_idling,3129
children_playing,3132
dog_bark,3134
air_conditioner,3137
children_playing,3139
siren,3141
air_conditioner,3142
dog_bark,3145
street_music,3149
drilling,3158
dog_bark,3166
siren,3173
gun_shot,3174
siren,3175
dog_bark,3181
siren,3183
siren,3184
engine_idling,3193
siren,3198
air_conditioner,3201
drilling,3203
dog_bark,3204
gun_shot,3208
siren,3210
air_conditioner,3212
siren,3217
drilling,3219
jackhammer,3222
air_conditioner,3224
drilling,3228
engine_idling,3234
street_music,3241
street_music,3242
air_conditioner,3243
children_playing,3245
children_playing,3247
siren,3249
children_playing,3251
dog_bark,3252
drilling,3253
drilling,3255
drilling,3256
drilling,3260
jackhammer,3263
drilling,3265
street_music,3269
air_conditioner,3274
children_playing,3280
jackhammer,3282
dog_bark,3284
air_conditioner,3287
engine_idling,3289
jackhammer,3290
air_conditioner,3295
gun_shot,3300
drilling,3303
street_music,3304
children_playing,3309
children_playing,3311
drilling,3312
dog_bark,3313
dog_bark,3314
drilling,3315
jackhammer,3326
children_playing,3327
engine_idling,3329
dog_bark,3335
dog_bark,3339
car_horn,3340
children_playing,3341
dog_bark,3342
siren,3346
gun_shot,3348
drilling,3356
street_music,3359
air_conditioner,3361
dog_bark,3366
siren,3368
air_conditioner,3372
air_conditioner,3374
gun_shot,3377
children_playing,3378
car_horn,3380
dog_bark,3382
dog_bark,3384
drilling,3385
car_horn,3386
drilling,3391
gun_shot,3393
air_conditioner,3396
drilling,3402
jackhammer,3403
jackhammer,3405
jackhammer,3408
children_playing,3410
air_conditioner,3411
drilling,3412
dog_bark,3414
air_conditioner,3421
dog_bark,3424
jackhammer,3426
siren,3427
dog_bark,3428
car_horn,3430
drilling,3431
children_playing,3438
siren,3440
jackhammer,3447
engine_idling,3448
children_playing,3450
air_conditioner,3456
jackhammer,3457
gun_shot,3460
siren,3463
engine_idling,3466
engine_idling,3468
street_music,3472
siren,3476
air_conditioner,3479
car_horn,3484
children_playing,3485
street_music,3487
children_playing,3488
air_conditioner,3490
siren,3494
dog_bark,3497
gun_shot,3498
drilling,3500
jackhammer,3502
siren,3505
street_music,3506
engine_idling,3511
drilling,3512
engine_idling,3513
air_conditioner,3521
siren,3524
air_conditioner,3527
air_conditioner,3530
dog_bark,3532
siren,3535
children_playing,3541
children_playing,3544
air_conditioner,3552
engine_idling,3553
children_playing,3557
air_conditioner,3558
air_conditioner,3559
dog_bark,3562
dog_bark,3563
dog_bark,3564
air_conditioner,3565
gun_shot,3570
street_music,3571
siren,3572
drilling,3573
drilling,3575
jackhammer,3576
dog_bark,3578
dog_bark,3581
air_conditioner,3586
siren,3589
street_music,3592
drilling,3593
street_music,3594
dog_bark,3600
dog_bark,3601
dog_bark,3602
dog_bark,3605
children_playing,3612
engine_idling,3615
drilling,3616
drilling,3617
air_conditioner,3618
engine_idling,3620
children_playing,3623
dog_bark,3625
engine_idling,3631
children_playing,3633
dog_bark,3635
jackhammer,3636
dog_bark,3638
street_music,3641
air_conditioner,3643
children_playing,3650
siren,3651
air_conditioner,3655
air_conditioner,3665
siren,3667
air_conditioner,3673
air_conditioner,3677
air_conditioner,3684
dog_bark,3690
drilling,3692
siren,3693
siren,3694
dog_bark,3699
drilling,3701
air_conditioner,3704
children_playing,3705
children_playing,3707
children_playing,3710
siren,3712
air_conditioner,3713
dog_bark,3715
street_music,3716
siren,3720
jackhammer,3722
air_conditioner,3723
car_horn,3727
dog_bark,3730
street_music,3733
siren,3736
engine_idling,3737
siren,3740
street_music,3743
siren,3744
engine_idling,3746
air_conditioner,3748
siren,3755
drilling,3757
dog_bark,3761
air_conditioner,3767
dog_bark,3768
air_conditioner,3769
car_horn,3773
dog_bark,3774
air_conditioner,3775
drilling,3777
siren,3779
siren,3780
dog_bark,3786
engine_idling,3789
car_horn,3793
jackhammer,3794
car_horn,3795
air_conditioner,3796
air_conditioner,3797
children_playing,3801
gun_shot,3802
siren,3804
air_conditioner,3807
street_music,3809
siren,3810
air_conditioner,3812
siren,3814
air_conditioner,3815
dog_bark,3817
dog_bark,3818
drilling,3824
engine_idling,3825
siren,3826
drilling,3829
dog_bark,3831
jackhammer,3832
street_music,3835
air_conditioner,3837
siren,3841
drilling,3845
drilling,3849
siren,3852
dog_bark,3856
children_playing,3857
air_conditioner,3858
drilling,3862
engine_idling,3865
dog_bark,3867
dog_bark,3872
drilling,3873
street_music,3874
dog_bark,3875
jackhammer,3876
air_conditioner,3892
air_conditioner,3897
street_music,3899
children_playing,3901
children_playing,3904
siren,3907
children_playing,3908
dog_bark,3912
dog_bark,3913
engine_idling,3917
engine_idling,3922
siren,3923
siren,3926
drilling,3928
jackhammer,3931
siren,3935
jackhammer,3937
street_music,3942
dog_bark,3946
gun_shot,3949
drilling,3950
drilling,3952
air_conditioner,3953
children_playing,3954
air_conditioner,3957
air_conditioner,3958
air_conditioner,3961
street_music,3963
dog_bark,3964
air_conditioner,3971
air_conditioner,3974
jackhammer,3976
street_music,3977
dog_bark,3979
street_music,3980
dog_bark,3989
jackhammer,3990
children_playing,3991
dog_bark,3995
air_conditioner,3996
engine_idling,4005
jackhammer,4007
dog_bark,4008
drilling,4013
jackhammer,4016
siren,4019
drilling,4020
street_music,4023
dog_bark,4025
air_conditioner,4026
air_conditioner,4031
children_playing,4033
drilling,4034
engine_idling,4035
air_conditioner,4036
dog_bark,4037
dog_bark,4040
dog_bark,4042
drilling,4043
dog_bark,4047
drilling,4048
engine_idling,4051
engine_idling,4052
jackhammer,4053
children_playing,4059
dog_bark,4060
jackhammer,4061
siren,4063
street_music,4065
dog_bark,4071
dog_bark,4072
air_conditioner,4074
siren,4079
drilling,4082
children_playing,4088
drilling,4090
dog_bark,4092
air_conditioner,4098
dog_bark,4099
siren,4105
drilling,4107
children_playing,4108
air_conditioner,4109
air_conditioner,4112
street_music,4113
dog_bark,4114
air_conditioner,4115
jackhammer,4116
air_conditioner,4120
air_conditioner,4124
dog_bark,4127
dog_bark,4132
air_conditioner,4133
air_conditioner,4136
air_conditioner,4141
siren,4144
drilling,4145
car_horn,4147
car_horn,4148
air_conditioner,4149
dog_bark,4150
jackhammer,4151
children_playing,4152
siren,4153
siren,4154
siren,4156
dog_bark,4157
car_horn,4165
car_horn,4167
engine_idling,4173
street_music,4176
street_music,4177
air_conditioner,4185
siren,4186
children_playing,4187
siren,4188
siren,4192
dog_bark,4194
car_horn,4195
air_conditioner,4196
dog_bark,4202
siren,4208
air_conditioner,4209
jackhammer,4211
air_conditioner,4212
air_conditioner,4213
dog_bark,4214
siren,4215
children_playing,4219
engine_idling,4221
dog_bark,4223
dog_bark,4225
dog_bark,4229
air_conditioner,4230
jackhammer,4233
engine_idling,4237
air_conditioner,4238
dog_bark,4240
drilling,4243
dog_bark,4245
air_conditioner,4250
siren,4251
engine_idling,4258
air_conditioner,4259
dog_bark,4261
siren,4264
gun_shot,4266
dog_bark,4268
air_conditioner,4269
engine_idling,4270
engine_idling,4271
engine_idling,4275
children_playing,4276
siren,4280
air_conditioner,4282
air_conditioner,4283
dog_bark,4284
dog_bark,4292
children_playing,4294
children_playing,4295
children_playing,4296
children_playing,4298
siren,4300
air_conditioner,4302
street_music,4304
jackhammer,4305
air_conditioner,4306
siren,4308
siren,4309
engine_idling,4310
dog_bark,4312
street_music,4315
siren,4318
drilling,4321
siren,4322
children_playing,4325
dog_bark,4329
dog_bark,4330
gun_shot,4332
siren,4334
dog_bark,4336
drilling,4339
siren,4340
car_horn,4342
street_music,4343
drilling,4344
air_conditioner,4345
car_horn,4347
jackhammer,4348
street_music,4354
siren,4355
dog_bark,4357
jackhammer,4360
gun_shot,4368
jackhammer,4370
air_conditioner,4373
gun_shot,4376
air_conditioner,4377
street_music,4380
air_conditioner,4383
engine_idling,4385
dog_bark,4387
engine_idling,4388
jackhammer,4391
air_conditioner,4395
children_playing,4398
siren,4399
siren,4402
dog_bark,4403
siren,4404
children_playing,4405
jackhammer,4407
engine_idling,4409
siren,4410
engine_idling,4414
air_conditioner,4419
siren,4421
air_conditioner,4423
siren,4434
jackhammer,4435
air_conditioner,4441
dog_bark,4445
drilling,4447
siren,4448
jackhammer,4452
siren,4455
street_music,4457
car_horn,4460
jackhammer,4465
car_horn,4466
dog_bark,4468
children_playing,4469
dog_bark,4470
air_conditioner,4471
children_playing,4477
dog_bark,4478
children_playing,4479
siren,4484
dog_bark,4488
jackhammer,4489
jackhammer,4494
gun_shot,4495
engine_idling,4496
air_conditioner,4497
drilling,4501
car_horn,4505
drilling,4507
dog_bark,4508
children_playing,4512
children_playing,4516
gun_shot,4517
dog_bark,4518
jackhammer,4519
children_playing,4520
gun_shot,4524
siren,4533
jackhammer,4537
jackhammer,4538
gun_shot,4543
dog_bark,4544
air_conditioner,4546
drilling,4548
dog_bark,4550
drilling,4551
drilling,4552
engine_idling,4553
drilling,4555
dog_bark,4558
street_music,4560
children_playing,4564
dog_bark,4565
siren,4567
dog_bark,4576
street_music,4577
air_conditioner,4579
street_music,4580
siren,4582
air_conditioner,4586
jackhammer,4587
gun_shot,4588
engine_idling,4590
children_playing,4591
street_music,4593
drilling,4594
dog_bark,4596
drilling,4597
engine_idling,4600
dog_bark,4603
children_playing,4605
street_music,4606
jackhammer,4608
air_conditioner,4615
air_conditioner,4620
siren,4621
jackhammer,4624
siren,4626
air_conditioner,4627
siren,4631
dog_bark,4638
siren,4639
siren,4642
drilling,4644
jackhammer,4649
drilling,4654
street_music,4656
dog_bark,4660
siren,4664
drilling,4670
dog_bark,4671
children_playing,4673
car_horn,4675
children_playing,4678
street_music,4681
air_conditioner,4687
siren,4689
dog_bark,4691
drilling,4694
dog_bark,4696
dog_bark,4699
jackhammer,4700
jackhammer,4701
dog_bark,4706
siren,4709
air_conditioner,4710
dog_bark,4711
dog_bark,4712
children_playing,4713
children_playing,4717
car_horn,4719
jackhammer,4720
siren,4727
air_conditioner,4731
children_playing,4734
drilling,4738
siren,4744
jackhammer,4751
dog_bark,4757
drilling,4760
siren,4761
dog_bark,4765
children_playing,4768
air_conditioner,4771
air_conditioner,4772
siren,4773
air_conditioner,4774
jackhammer,4777
dog_bark,4779
dog_bark,4780
siren,4782
air_conditioner,4797
street_music,4798
drilling,4802
street_music,4808
engine_idling,4809
dog_bark,4811
children_playing,4812
air_conditioner,4813
gun_shot,4814
drilling,4815
children_playing,4816
drilling,4817
siren,4818
children_playing,4819
drilling,4825
siren,4831
dog_bark,4838
siren,4841
air_conditioner,4845
air_conditioner,4848
children_playing,4849
jackhammer,4850
children_playing,4855
gun_shot,4856
dog_bark,4859
dog_bark,4862
dog_bark,4865
car_horn,4868
siren,4869
air_conditioner,4871
drilling,4872
children_playing,4874
air_conditioner,4875
children_playing,4876
gun_shot,4878
siren,4882
jackhammer,4885
dog_bark,4891
children_playing,4892
engine_idling,4893
siren,4897
children_playing,4898
children_playing,4901
children_playing,4908
children_playing,4910
drilling,4915
siren,4922
drilling,4929
siren,4930
drilling,4932
jackhammer,4933
children_playing,4935
drilling,4936
drilling,4939
drilling,4941
dog_bark,4944
street_music,4946
engine_idling,4949
children_playing,4951
dog_bark,4954
jackhammer,4955
siren,4957
siren,4958
air_conditioner,4967
drilling,4969
air_conditioner,4971
drilling,4975
drilling,4977
gun_shot,4978
air_conditioner,4979
drilling,4980
children_playing,4981
dog_bark,4982
air_conditioner,4983
air_conditioner,4987
drilling,4995
air_conditioner,4998
siren,4999
children_playing,5000
dog_bark,5006
siren,5007
street_music,5008
air_conditioner,5009
siren,5012
engine_idling,5014
jackhammer,5015
drilling,5016
jackhammer,5018
air_conditioner,5020
air_conditioner,5024
air_conditioner,5026
air_conditioner,5027
siren,5030
jackhammer,5036
air_conditioner,5039
dog_bark,5041
children_playing,5047
air_conditioner,5048
drilling,5050
air_conditioner,5053
air_conditioner,5054
street_music,5056
air_conditioner,5061
drilling,5062
siren,5066
dog_bark,5070
air_conditioner,5078
car_horn,5079
gun_shot,5080
engine_idling,5083
jackhammer,5086
engine_idling,5087
dog_bark,5090
siren,5091
drilling,5093
siren,5097
drilling,5098
dog_bark,5101
drilling,5102
air_conditioner,5104
drilling,5105
drilling,5108
children_playing,5111
engine_idling,5113
drilling,5115
jackhammer,5116
dog_bark,5120
air_conditioner,5123
children_playing,5124
siren,5126
gun_shot,5131
gun_shot,5136
air_conditioner,5137
air_conditioner,5139
siren,5143
drilling,5144
air_conditioner,5145
air_conditioner,5150
siren,5152
air_conditioner,5153
dog_bark,5155
dog_bark,5156
air_conditioner,5160
drilling,5161
engine_idling,5162
dog_bark,5163
street_music,5164
dog_bark,5166
air_conditioner,5167
engine_idling,5168
gun_shot,5170
siren,5179
dog_bark,5182
siren,5184
jackhammer,5185
gun_shot,5187
dog_bark,5192
dog_bark,5193
children_playing,5194
gun_shot,5197
jackhammer,5203
air_conditioner,5204
siren,5207
car_horn,5208
dog_bark,5212
air_conditioner,5213
drilling,5215
children_playing,5220
dog_bark,5222
siren,5224
gun_shot,5229
siren,5230
dog_bark,5231
street_music,5232
dog_bark,5235
car_horn,5238
jackhammer,5240
dog_bark,5242
children_playing,5245
drilling,5249
siren,5250
children_playing,5252
drilling,5254
dog_bark,5256
dog_bark,5258
children_playing,5260
car_horn,5261
siren,5267
air_conditioner,5269
siren,5273
dog_bark,5274
street_music,5275
gun_shot,5276
siren,5280
siren,5282
siren,5285
siren,5286
dog_bark,5287
air_conditioner,5288
gun_shot,5293
drilling,5295
dog_bark,5296
siren,5298
children_playing,5300
dog_bark,5301
air_conditioner,5303
jackhammer,5305
drilling,5306
jackhammer,5311
dog_bark,5317
dog_bark,5318
drilling,5325
engine_idling,5327
dog_bark,5330
air_conditioner,5332
drilling,5334
children_playing,5335
siren,5337
children_playing,5339
siren,5341
air_conditioner,5342
children_playing,5346
air_conditioner,5349
dog_bark,5354
air_conditioner,5355
engine_idling,5358
siren,5362
dog_bark,5363
air_conditioner,5365
dog_bark,5366
siren,5367
drilling,5368
siren,5372
street_music,5375
dog_bark,5377
siren,5379
dog_bark,5381
dog_bark,5383
dog_bark,5386
drilling,5387
siren,5388
dog_bark,5392
engine_idling,5393
gun_shot,5396
air_conditioner,5399
siren,5401
street_music,5402
siren,5404
drilling,5408
dog_bark,5410
engine_idling,5413
air_conditioner,5419
air_conditioner,5420
dog_bark,5421
street_music,5422
dog_bark,5424
air_conditioner,5425
engine_idling,5428
engine_idling,5430
air_conditioner,5431
air_conditioner,5434
air_conditioner,5439
children_playing,5440
children_playing,5442
air_conditioner,5443
children_playing,5446
jackhammer,5449
jackhammer,5450
dog_bark,5451
air_conditioner,5453
jackhammer,5454
car_horn,5455
air_conditioner,5457
engine_idling,5458
dog_bark,5462
dog_bark,5463
children_playing,5464
siren,5467
air_conditioner,5468
drilling,5469
air_conditioner,5470
dog_bark,5471
street_music,5474
air_conditioner,5475
dog_bark,5478
car_horn,5479
dog_bark,5482
car_horn,5484
siren,5485
air_conditioner,5490
dog_bark,5491
air_conditioner,5496
siren,5500
drilling,5501
air_conditioner,5502
gun_shot,5506
street_music,5510
drilling,5516
dog_bark,5517
dog_bark,5520
dog_bark,5525
gun_shot,5527
jackhammer,5529
engine_idling,5531
engine_idling,5532
engine_idling,5536
street_music,5538
gun_shot,5539
car_horn,5541
street_music,5549
children_playing,5550
siren,5551
gun_shot,5552
street_music,5555
air_conditioner,5563
street_music,5567
dog_bark,5568
siren,5569
jackhammer,5573
car_horn,5575
siren,5576
dog_bark,5578
gun_shot,5579
drilling,5580
children_playing,5581
dog_bark,5584
dog_bark,5590
car_horn,5591
street_music,5593
street_music,5595
dog_bark,5596
gun_shot,5602
dog_bark,5603
siren,5604
drilling,5606
street_music,5608
gun_shot,5617
siren,5618
siren,5620
jackhammer,5621
drilling,5622
drilling,5629
dog_bark,5630
drilling,5632
jackhammer,5633
children_playing,5636
children_playing,5643
air_conditioner,5646
car_horn,5647
siren,5648
dog_bark,5651
engine_idling,5656
siren,5657
air_conditioner,5665
air_conditioner,5666
siren,5667
street_music,5674
gun_shot,5675
dog_bark,5677
siren,5679
air_conditioner,5685
engine_idling,5686
air_conditioner,5688
air_conditioner,5693
children_playing,5694
gun_shot,5696
siren,5700
siren,5703
dog_bark,5708
siren,5717
jackhammer,5718
gun_shot,5720
air_conditioner,5727
dog_bark,5728
dog_bark,5729
children_playing,5737
siren,5738
air_conditioner,5743
engine_idling,5747
dog_bark,5748
dog_bark,5749
jackhammer,5752
children_playing,5753
children_playing,5754
dog_bark,5756
engine_idling,5759
street_music,5766
dog_bark,5775
drilling,5776
jackhammer,5777
siren,5779
siren,5781
drilling,5782
engine_idling,5785
drilling,5787
street_music,5789
air_conditioner,5792
jackhammer,5793
air_conditioner,5794
street_music,5795
dog_bark,5797
dog_bark,5798
air_conditioner,5801
street_music,5803
children_playing,5804
siren,5805
siren,5807
jackhammer,5809
children_playing,5810
children_playing,5811
dog_bark,5812
children_playing,5814
siren,5819
air_conditioner,5821
air_conditioner,5823
dog_bark,5828
engine_idling,5830
siren,5831
siren,5834
dog_bark,5836
air_conditioner,5838
gun_shot,5839
siren,5843
engine_idling,5845
siren,5846
dog_bark,5849
jackhammer,5853
jackhammer,5855
siren,5860
dog_bark,5861
air_conditioner,5866
dog_bark,5868
gun_shot,5872
dog_bark,5873
children_playing,5875
air_conditioner,5878
siren,5880
air_conditioner,5883
drilling,5884
drilling,5885
dog_bark,5894
siren,5895
engine_idling,5896
siren,5898
siren,5899
street_music,5905
dog_bark,5910
street_music,5911
jackhammer,5913
jackhammer,5916
car_horn,5919
air_conditioner,5920
drilling,5923
gun_shot,5924
air_conditioner,5929
drilling,5930
air_conditioner,5931
drilling,5935
children_playing,5938
siren,5939
street_music,5945
children_playing,5946
engine_idling,5955
air_conditioner,5956
air_conditioner,5958
jackhammer,5959
children_playing,5961
dog_bark,5965
dog_bark,5967
siren,5969
air_conditioner,5970
children_playing,5971
children_playing,5972
engine_idling,5973
air_conditioner,5974
drilling,5975
air_conditioner,5978
street_music,5979
air_conditioner,5981
siren,5986
jackhammer,5987
siren,5991
drilling,5993
drilling,5998
air_conditioner,6000
air_conditioner,6006
car_horn,6008
siren,6011
drilling,6018
car_horn,6024
children_playing,6028
siren,6032
drilling,6036
children_playing,6037
dog_bark,6038
gun_shot,6039
street_music,6042
drilling,6043
children_playing,6044
drilling,6045
drilling,6048
dog_bark,6052
jackhammer,6057
engine_idling,6058
car_horn,6060
siren,6062
engine_idling,6064
air_conditioner,6065
dog_bark,6067
dog_bark,6069
children_playing,6071
air_conditioner,6073
siren,6075
children_playing,6076
siren,6078
air_conditioner,6084
gun_shot,6090
dog_bark,6093
dog_bark,6097
siren,6102
air_conditioner,6105
siren,6106
jackhammer,6110
car_horn,6111
street_music,6112
dog_bark,6113
siren,6114
dog_bark,6122
engine_idling,6124
siren,6125
dog_bark,6126
air_conditioner,6127
siren,6128
children_playing,6135
children_playing,6143
jackhammer,6146
gun_shot,6147
dog_bark,6148
dog_bark,6150
car_horn,6155
dog_bark,6157
children_playing,6164
siren,6166
dog_bark,6167
air_conditioner,6168
air_conditioner,6176
dog_bark,6178
dog_bark,6182
air_conditioner,6184
dog_bark,6185
street_music,6186
siren,6190
dog_bark,6192
jackhammer,6195
siren,6199
street_music,6200
drilling,6201
car_horn,6202
street_music,6203
children_playing,6207
air_conditioner,6208
siren,6209
siren,6216
air_conditioner,6218
car_horn,6221
air_conditioner,6223
drilling,6225
dog_bark,6226
siren,6228
siren,6231
children_playing,6233
air_conditioner,6236
street_music,6237
drilling,6238
siren,6240
siren,6242
dog_bark,6246
gun_shot,6250
jackhammer,6251
dog_bark,6252
air_conditioner,6253
gun_shot,6254
children_playing,6257
air_conditioner,6261
children_playing,6264
dog_bark,6267
jackhammer,6269
drilling,6273
siren,6275
dog_bark,6276
air_conditioner,6277
air_conditioner,6280
air_conditioner,6281
jackhammer,6285
drilling,6289
drilling,6299
dog_bark,6301
car_horn,6302
gun_shot,6303
drilling,6306
dog_bark,6307
air_conditioner,6312
children_playing,6313
drilling,6315
siren,6316
street_music,6320
air_conditioner,6325
air_conditioner,6330
car_horn,6334
siren,6342
street_music,6344
jackhammer,6349
air_conditioner,6350
siren,6352
siren,6353
engine_idling,6356
dog_bark,6360
air_conditioner,6361
children_playing,6362
street_music,6363
siren,6365
jackhammer,6368
dog_bark,6369
children_playing,6373
street_music,6383
street_music,6384
car_horn,6385
air_conditioner,6386
drilling,6388
engine_idling,6390
dog_bark,6391
gun_shot,6396
drilling,6397
drilling,6398
car_horn,6399
engine_idling,6400
air_conditioner,6401
air_conditioner,6405
street_music,6406
gun_shot,6407
siren,6410
siren,6415
air_conditioner,6419
siren,6421
car_horn,6425
children_playing,6428
drilling,6429
dog_bark,6430
air_conditioner,6433
air_conditioner,6438
air_conditioner,6439
air_conditioner,6444
drilling,6447
siren,6458
engine_idling,6465
siren,6470
dog_bark,6471
dog_bark,6472
gun_shot,6476
siren,6479
engine_idling,6481
air_conditioner,6482
dog_bark,6485
dog_bark,6488
street_music,6489
air_conditioner,6491
air_conditioner,6492
dog_bark,6494
engine_idling,6495
car_horn,6499
drilling,6501
dog_bark,6503
children_playing,6504
air_conditioner,6513
siren,6514
drilling,6519
drilling,6525
dog_bark,6526
dog_bark,6532
siren,6533
car_horn,6538
dog_bark,6539
dog_bark,6540
dog_bark,6541
drilling,6545
street_music,6554
air_conditioner,6561
air_conditioner,6564
jackhammer,6567
car_horn,6569
gun_shot,6571
gun_shot,6576
air_conditioner,6577
jackhammer,6578
air_conditioner,6581
engine_idling,6582
drilling,6584
street_music,6585
drilling,6586
car_horn,6587
drilling,6588
air_conditioner,6590
children_playing,6591
siren,6593
car_horn,6594
jackhammer,6597
drilling,6598
air_conditioner,6601
dog_bark,6605
air_conditioner,6611
engine_idling,6612
car_horn,6613
air_conditioner,6615
dog_bark,6617
siren,6622
dog_bark,6624
air_conditioner,6625
air_conditioner,6627
gun_shot,6632
dog_bark,6636
jackhammer,6639
air_conditioner,6645
siren,6646
dog_bark,6650
drilling,6657
jackhammer,6658
children_playing,6663
air_conditioner,6666
air_conditioner,6669
siren,6670
children_playing,6672
drilling,6673
car_horn,6675
dog_bark,6678
gun_shot,6680
dog_bark,6682
drilling,6684
children_playing,6685
siren,6686
engine_idling,6687
jackhammer,6688
children_playing,6690
engine_idling,6695
gun_shot,6697
drilling,6699
dog_bark,6700
jackhammer,6701
dog_bark,6702
air_conditioner,6704
air_conditioner,6705
drilling,6706
air_conditioner,6707
gun_shot,6709
air_conditioner,6711
drilling,6713
siren,6718
siren,6720
air_conditioner,6727
children_playing,6733
drilling,6743
siren,6744
dog_bark,6745
jackhammer,6751
children_playing,6756
street_music,6758
dog_bark,6761
gun_shot,6762
air_conditioner,6766
jackhammer,6776
jackhammer,6780
dog_bark,6784
jackhammer,6785
dog_bark,6787
drilling,6788
siren,6789
dog_bark,6794
siren,6795
children_playing,6796
dog_bark,6798
jackhammer,6799
air_conditioner,6801
air_conditioner,6803
drilling,6805
car_horn,6806
siren,6807
air_conditioner,6808
drilling,6809
siren,6814
dog_bark,6825
children_playing,6827
siren,6828
gun_shot,6833
dog_bark,6834
children_playing,6838
jackhammer,6842
siren,6843
children_playing,6845
siren,6848
drilling,6849
drilling,6854
dog_bark,6858
jackhammer,6859
siren,6861
air_conditioner,6862
siren,6863
siren,6867
children_playing,6868
gun_shot,6870
children_playing,6873
drilling,6874
gun_shot,6876
gun_shot,6884
dog_bark,6885
dog_bark,6887
drilling,6890
children_playing,6894
dog_bark,6897
air_conditioner,6899
air_conditioner,6904
children_playing,6905
air_conditioner,6913
gun_shot,6916
air_conditioner,6917
air_conditioner,6919
jackhammer,6921
siren,6924
air_conditioner,6927
dog_bark,6930
air_conditioner,6936
dog_bark,6940
drilling,6941
dog_bark,6944
dog_bark,6950
drilling,6951
siren,6952
street_music,6953
siren,6957
drilling,6959
drilling,6960
siren,6962
car_horn,6964
drilling,6968
air_conditioner,6972
jackhammer,6978
dog_bark,6980
siren,6983
drilling,6987
air_conditioner,6988
siren,6989
car_horn,6994
siren,6995
children_playing,6996
dog_bark,6997
dog_bark,7011
drilling,7021
street_music,7023
dog_bark,7024
drilling,7033
drilling,7034
siren,7037
air_conditioner,7038
drilling,7043
gun_shot,7044
engine_idling,7045
siren,7047
jackhammer,7050
air_conditioner,7056
street_music,7058
siren,7071
car_horn,7080
children_playing,7089
gun_shot,7090
drilling,7092
dog_bark,7093
engine_idling,7097
air_conditioner,7098
siren,7099
dog_bark,7101
engine_idling,7102
car_horn,7103
siren,7104
siren,7106
gun_shot,7117
dog_bark,7119
dog_bark,7120
air_conditioner,7122
dog_bark,7123
children_playing,7125
siren,7127
dog_bark,7128
street_music,7130
air_conditioner,7132
drilling,7134
car_horn,7135
siren,7139
jackhammer,7146
children_playing,7147
street_music,7152
children_playing,7158
siren,7160
air_conditioner,7164
engine_idling,7165
engine_idling,7166
jackhammer,7167
siren,7168
dog_bark,7173
drilling,7181
car_horn,7182
air_conditioner,7183
children_playing,7184
gun_shot,7186
jackhammer,7188
drilling,7189
drilling,7192
jackhammer,7193
jackhammer,7199
dog_bark,7208
dog_bark,7209
drilling,7210
air_conditioner,7214
air_conditioner,7219
dog_bark,7220
children_playing,7225
air_conditioner,7229
car_horn,7230
dog_bark,7234
siren,7236
siren,7237
engine_idling,7238
dog_bark,7239
gun_shot,7243
dog_bark,7246
drilling,7248
children_playing,7254
dog_bark,7255
children_playing,7261
children_playing,7266
dog_bark,7267
drilling,7268
drilling,7270
gun_shot,7271
drilling,7273
siren,7276
air_conditioner,7281
jackhammer,7282
drilling,7283
children_playing,7286
children_playing,7288
dog_bark,7289
engine_idling,7290
street_music,7291
street_music,7293
air_conditioner,7295
dog_bark,7296
siren,7299
air_conditioner,7300
street_music,7301
children_playing,7303
air_conditioner,7304
children_playing,7306
drilling,7308
jackhammer,7310
air_conditioner,7312
dog_bark,7314
drilling,7317
children_playing,7318
drilling,7324
children_playing,7325
car_horn,7327
street_music,7334
drilling,7335
children_playing,7339
air_conditioner,7341
siren,7342
dog_bark,7348
dog_bark,7350
car_horn,7351
air_conditioner,7353
gun_shot,7355
dog_bark,7356
gun_shot,7357
drilling,7363
siren,7365
drilling,7368
drilling,7371
drilling,7373
dog_bark,7390
gun_shot,7391
air_conditioner,7393
air_conditioner,7394
drilling,7395
siren,7396
drilling,7397
children_playing,7402
street_music,7406
siren,7407
dog_bark,7411
dog_bark,7413
engine_idling,7415
drilling,7416
dog_bark,7420
dog_bark,7421
dog_bark,7422
dog_bark,7427
dog_bark,7428
dog_bark,7433
drilling,7434
siren,7435
siren,7438
siren,7440
gun_shot,7441
siren,7442
dog_bark,7444
dog_bark,7445
children_playing,7453
air_conditioner,7454
siren,7461
engine_idling,7464
drilling,7466
drilling,7470
children_playing,7473
children_playing,7474
dog_bark,7477
drilling,7480
drilling,7481
dog_bark,7484
engine_idling,7485
siren,7486
children_playing,7487
air_conditioner,7489
air_conditioner,7491
street_music,7492
dog_bark,7496
children_playing,7498
siren,7502
children_playing,7511
air_conditioner,7512
siren,7514
air_conditioner,7515
dog_bark,7517
children_playing,7526
air_conditioner,7527
dog_bark,7533
dog_bark,7534
gun_shot,7535
air_conditioner,7536
car_horn,7537
jackhammer,7540
dog_bark,7544
air_conditioner,7545
children_playing,7546
dog_bark,7549
car_horn,7551
children_playing,7554
siren,7555
dog_bark,7557
drilling,7559
siren,7562
children_playing,7564
dog_bark,7571
children_playing,7572
air_conditioner,7575
drilling,7583
engine_idling,7587
dog_bark,7588
jackhammer,7590
dog_bark,7591
dog_bark,7594
dog_bark,7603
siren,7605
siren,7606
air_conditioner,7608
jackhammer,7615
car_horn,7616
dog_bark,7621
drilling,7624
siren,7627
children_playing,7628
drilling,7630
drilling,7632
engine_idling,7635
air_conditioner,7637
air_conditioner,7640
drilling,7643
drilling,7647
jackhammer,7649
air_conditioner,7652
siren,7654
engine_idling,7658
dog_bark,7659
dog_bark,7660
air_conditioner,7661
jackhammer,7662
dog_bark,7663
dog_bark,7666
air_conditioner,7667
air_conditioner,7668
siren,7670
air_conditioner,7676
dog_bark,7678
siren,7684
drilling,7691
car_horn,7692
air_conditioner,7693
siren,7695
drilling,7698
dog_bark,7701
air_conditioner,7703
gun_shot,7704
dog_bark,7708
gun_shot,7709
drilling,7714
dog_bark,7716
street_music,7717
drilling,7719
children_playing,7722
street_music,7728
siren,7731
dog_bark,7732
dog_bark,7737
jackhammer,7741
jackhammer,7746
jackhammer,7749
siren,7752
children_playing,7753
jackhammer,7755
siren,7757
drilling,7758
siren,7760
drilling,7763
car_horn,7764
drilling,7767
dog_bark,7771
siren,7772
siren,7773
air_conditioner,7774
siren,7778
drilling,7781
drilling,7782
air_conditioner,7786
siren,7789
air_conditioner,7790
engine_idling,7793
air_conditioner,7794
street_music,7797
siren,7798
siren,7799
drilling,7801
children_playing,7803
dog_bark,7805
siren,7808
children_playing,7809
dog_bark,7811
dog_bark,7812
jackhammer,7815
siren,7816
children_playing,7820
children_playing,7823
dog_bark,7832
siren,7834
dog_bark,7840
air_conditioner,7841
engine_idling,7847
siren,7848
air_conditioner,7849
air_conditioner,7851
air_conditioner,7852
children_playing,7857
dog_bark,7859
siren,7863
siren,7864
car_horn,7866
drilling,7877
air_conditioner,7878
gun_shot,7884
air_conditioner,7885
dog_bark,7886
drilling,7887
engine_idling,7888
engine_idling,7889
street_music,7894
air_conditioner,7895
siren,7902
street_music,7903
children_playing,7905
car_horn,7906
jackhammer,7907
air_conditioner,7912
dog_bark,7913
dog_bark,7915
drilling,7921
children_playing,7923
air_conditioner,7924
siren,7925
children_playing,7926
air_conditioner,7934
air_conditioner,7937
dog_bark,7940
street_music,7945
street_music,7947
car_horn,7948
car_horn,7950
dog_bark,7953
drilling,7957
street_music,7958
siren,7960
car_horn,7962
air_conditioner,7967
children_playing,7968
air_conditioner,7971
dog_bark,7972
dog_bark,7973
street_music,7974
engine_idling,7983
drilling,7984
jackhammer,7986
children_playing,7987
street_music,7991
air_conditioner,8001
air_conditioner,8003
jackhammer,8005
children_playing,8006
children_playing,8007
dog_bark,8010
children_playing,8011
siren,8015
air_conditioner,8017
engine_idling,8018
street_music,8019
dog_bark,8023
drilling,8026
engine_idling,8030
dog_bark,8031
children_playing,8038
air_conditioner,8039
drilling,8040
street_music,8041
siren,8044
jackhammer,8045
drilling,8051
air_conditioner,8054
dog_bark,8056
air_conditioner,8059
dog_bark,8063
jackhammer,8065
air_conditioner,8066
street_music,8070
street_music,8082
dog_bark,8083
dog_bark,8087
air_conditioner,8089
air_conditioner,8091
dog_bark,8094
jackhammer,8096
drilling,8098
air_conditioner,8102
dog_bark,8107
siren,8109
air_conditioner,8112
children_playing,8113
jackhammer,8115
jackhammer,8116
siren,8117
dog_bark,8120
siren,8121
air_conditioner,8123
jackhammer,8124
air_conditioner,8126
car_horn,8129
air_conditioner,8132
air_conditioner,8134
children_playing,8136
dog_bark,8138
air_conditioner,8139
children_playing,8141
drilling,8147
drilling,8149
dog_bark,8153
dog_bark,8157
engine_idling,8158
jackhammer,8159
air_conditioner,8160
siren,8162
siren,8163
drilling,8164
jackhammer,8165
air_conditioner,8169
jackhammer,8170
drilling,8175
dog_bark,8178
street_music,8179
dog_bark,8186
siren,8196
engine_idling,8197
dog_bark,8198
air_conditioner,8203
dog_bark,8204
drilling,8206
dog_bark,8207
air_conditioner,8209
engine_idling,8212
air_conditioner,8214
dog_bark,8218
drilling,8222
car_horn,8223
children_playing,8224
air_conditioner,8225
drilling,8226
jackhammer,8230
children_playing,8235
jackhammer,8237
children_playing,8240
drilling,8242
air_conditioner,8245
drilling,8248
dog_bark,8250
children_playing,8254
dog_bark,8255
drilling,8256
drilling,8267
siren,8269
gun_shot,8273
dog_bark,8275
dog_bark,8276
air_conditioner,8278
drilling,8281
jackhammer,8284
siren,8286
children_playing,8288
drilling,8290
dog_bark,8291
jackhammer,8292
car_horn,8295
dog_bark,8298
air_conditioner,8301
jackhammer,8303
siren,8304
air_conditioner,8309
jackhammer,8312
engine_idling,8316
dog_bark,8319
siren,8320
street_music,8321
air_conditioner,8326
air_conditioner,8328
dog_bark,8329
dog_bark,8331
gun_shot,8336
children_playing,8339
air_conditioner,8340
dog_bark,8341
street_music,8342
air_conditioner,8343
children_playing,8348
dog_bark,8349
dog_bark,8350
siren,8355
air_conditioner,8358
air_conditioner,8359
drilling,8362
dog_bark,8363
engine_idling,8367
dog_bark,8371
children_playing,8372
siren,8373
drilling,8374
dog_bark,8375
drilling,8376
children_playing,8379
dog_bark,8383
air_conditioner,8385
dog_bark,8388
dog_bark,8389
dog_bark,8390
siren,8394
engine_idling,8398
street_music,8400
engine_idling,8402
drilling,8404
air_conditioner,8405
air_conditioner,8408
siren,8413
siren,8414
dog_bark,8415
drilling,8418
jackhammer,8423
dog_bark,8426
dog_bark,8433
siren,8436
children_playing,8439
gun_shot,8451
dog_bark,8452
dog_bark,8454
children_playing,8455
drilling,8456
air_conditioner,8461
dog_bark,8463
street_music,8468
dog_bark,8478
engine_idling,8480
children_playing,8481
street_music,8487
siren,8488
children_playing,8489
air_conditioner,8490
siren,8494
dog_bark,8495
air_conditioner,8497
siren,8504
street_music,8505
children_playing,8506
siren,8509
siren,8516
street_music,8517
siren,8521
dog_bark,8525
dog_bark,8528
dog_bark,8529
air_conditioner,8530
siren,8532
air_conditioner,8533
air_conditioner,8537
jackhammer,8541
air_conditioner,8545
siren,8548
siren,8549
air_conditioner,8550
drilling,8551
dog_bark,8554
jackhammer,8555
drilling,8556
engine_idling,8557
drilling,8559
street_music,8561
dog_bark,8563
street_music,8566
street_music,8567
drilling,8572
air_conditioner,8573
air_conditioner,8574
dog_bark,8576
children_playing,8577
dog_bark,8583
drilling,8585
dog_bark,8591
siren,8592
siren,8593
dog_bark,8600
siren,8601
children_playing,8602
dog_bark,8606
drilling,8608
dog_bark,8619
dog_bark,8622
children_playing,8623
air_conditioner,8629
gun_shot,8631
air_conditioner,8633
air_conditioner,8634
siren,8638
drilling,8642
siren,8645
jackhammer,8647
car_horn,8648
siren,8652
drilling,8655
air_conditioner,8661
dog_bark,8662
drilling,8668
siren,8669
air_conditioner,8671
street_music,8672
dog_bark,8674
air_conditioner,8680
air_conditioner,8683
siren,8686
street_music,8687
engine_idling,8688
children_playing,8689
air_conditioner,8692
air_conditioner,8696
siren,8697
children_playing,8698
street_music,8700
drilling,8702
car_horn,8708
gun_shot,8718
air_conditioner,8719